event,date,kalshi_volume,reddit_post_count
KXFEDCHAIRCONFIRM,2026-03-05,28974.0,7
KXFEDCHAIRCONFIRM,2026-03-06,452765.0,0
KXFEDCHAIRCONFIRM,2026-03-07,211130.0,0
KXFEDCHAIRCONFIRM,2026-03-08,84190.0,0
KXFEDCHAIRCONFIRM,2026-03-09,19242.0,0
KXFEDCHAIRCONFIRM,2026-03-10,46937.0,2
KXFEDCHAIRCONFIRM,2026-03-11,105591.0,1
KXFEDCHAIRCONFIRM,2026-03-12,108847.0,1
KXFEDCHAIRCONFIRM,2026-03-13,63209.0,14
KXFEDCHAIRCONFIRM,2026-03-14,152582.0,6
KXFEDCHAIRCONFIRM,2026-03-15,43578.0,4
KXFEDCHAIRCONFIRM,2026-03-16,47334.0,2
KXFEDCHAIRCONFIRM,2026-03-17,121260.0,2
KXFEDCHAIRCONFIRM,2026-03-18,4214.0,1
KXFEDCHAIRCONFIRM,2026-03-19,14108.0,9
KXFEDCHAIRCONFIRM,2026-03-20,85024.0,0
KXFEDCHAIRCONFIRM,2026-03-21,23686.0,2
KXFEDCHAIRCONFIRM,2026-03-22,81173.0,0
KXFEDCHAIRCONFIRM,2026-03-23,80744.0,1
KXFEDCHAIRCONFIRM,2026-03-24,19142.0,1
KXFEDCHAIRCONFIRM,2026-03-25,154782.0,2
KXFEDCHAIRCONFIRM,2026-03-26,31381.0,1
KXFEDCHAIRCONFIRM,2026-03-27,52209.0,2
KXFEDCHAIRCONFIRM,2026-03-28,8839.0,0
KXFEDCHAIRCONFIRM,2026-03-29,13534.0,0
KXFEDCHAIRCONFIRM,2026-03-30,267154.0,0
KXFEDCHAIRCONFIRM,2026-03-31,30705.0,2
KXFEDCHAIRCONFIRM,2026-04-01,34768.0,0
KXFEDCHAIRCONFIRM,2026-04-02,52040.0,0
KXFEDCHAIRCONFIRM,2026-04-03,182594.0,2
KXFEDCHAIRCONFIRM,2026-04-04,54185.0,1
KXFEDCHAIRCONFIRM,2026-04-05,96011.0,0
KXFEDCHAIRCONFIRM,2026-04-06,47127.0,0
KXFEDCHAIRCONFIRM,2026-04-07,21382.0,0
KXFEDCHAIRCONFIRM,2026-04-08,33826.0,0
KXFEDCHAIRCONFIRM,2026-04-09,128770.0,1
KXFEDCHAIRCONFIRM,2026-04-10,102120.7,1
KXFEDCHAIRCONFIRM,2026-04-11,78570.10999999999,2
KXFEDCHAIRCONFIRM,2026-04-12,30645.21,0
KXFEDCHAIRCONFIRM,2026-04-13,49441.07,0
KXFEDCHAIRCONFIRM,2026-04-14,47815.98,1
KXFEDCHAIRCONFIRM,2026-04-15,64129.97,12
KXFEDCHAIRCONFIRM,2026-04-16,32553.3,4
KXFEDCHAIRCONFIRM,2026-04-17,26690.65,1
KXFEDCHAIRCONFIRM,2026-04-18,65877.96,0
KXFEDCHAIRCONFIRM,2026-04-19,7399.160000000001,0
KXFEDCHAIRCONFIRM,2026-04-20,47677.619999999995,0
KXFEDCHAIRCONFIRM,2026-04-21,76792.5,13
KXFEDCHAIRCONFIRM,2026-04-22,305919.47,3
KXFEDCHAIRCONFIRM,2026-04-23,58605.54,0
KXFEDCHAIRCONFIRM,2026-04-24,39008.18,8
KXFEDCHAIRCONFIRM,2026-04-25,599613.78,1
KXFEDCHAIRCONFIRM,2026-04-26,82912.04,3
KXFEDCHAIRCONFIRM,2026-04-27,221690.79,1
KXFEDCHAIRCONFIRM,2026-04-28,58920.93,1
KXFEDCHAIRCONFIRM,2026-04-29,132129.41,11
KXFEDCHAIRCONFIRM,2026-04-30,305151.25,3
KXFEDCHAIRCONFIRM,2026-05-01,279247.02999999997,3
KXFEDCHAIRCONFIRM,2026-05-02,182289.82,0
KXFEDCHAIRCONFIRM,2026-05-03,144468.31,1
KXFEDCHAIRCONFIRM,2026-05-04,244188.26,7
KXFEDCHAIRCONFIRM,2026-05-05,78679.34,2
KXFEDCHAIRCONFIRM,2026-05-06,119999.18,0
KXFEDCHAIRCONFIRM,2026-05-07,281322.63,1
KXFEDCHAIRCONFIRM,2026-05-08,142714.79,0
KXFEDCHAIRCONFIRM,2026-05-09,76572.04,0
KXFEDCHAIRCONFIRM,2026-05-10,161671.53,0
KXFEDCHAIRCONFIRM,2026-05-11,400870.06,1
KXFEDCHAIRCONFIRM,2026-05-12,423755.68,1
KXFEDCHAIRCONFIRM,2026-05-13,1159213.58,10
KXFEDCHAIRCONFIRM,2026-05-14,619726.8300000001,5
KXGOVTSHUTLENGTH-26FEB07,2026-02-13,511.0,5
KXGOVTSHUTLENGTH-26FEB07,2026-02-14,8742.0,7
KXGOVTSHUTLENGTH-26FEB07,2026-02-15,65093.0,6
KXGOVTSHUTLENGTH-26FEB07,2026-02-16,64984.0,1
KXGOVTSHUTLENGTH-26FEB07,2026-02-17,78577.0,4
KXGOVTSHUTLENGTH-26FEB07,2026-02-18,53311.0,1
KXGOVTSHUTLENGTH-26FEB07,2026-02-19,199320.0,3
KXGOVTSHUTLENGTH-26FEB07,2026-02-20,103844.0,1
KXGOVTSHUTLENGTH-26FEB07,2026-02-21,39974.0,1
KXGOVTSHUTLENGTH-26FEB07,2026-02-22,37217.0,8
KXGOVTSHUTLENGTH-26FEB07,2026-02-23,81048.0,3
KXGOVTSHUTLENGTH-26FEB07,2026-02-24,85319.0,3
KXGOVTSHUTLENGTH-26FEB07,2026-02-25,77305.0,1
KXGOVTSHUTLENGTH-26FEB07,2026-02-26,151056.0,0
KXGOVTSHUTLENGTH-26FEB07,2026-02-27,107292.0,1
KXGOVTSHUTLENGTH-26FEB07,2026-02-28,122916.0,3
KXGOVTSHUTLENGTH-26FEB07,2026-03-01,119837.0,3
KXGOVTSHUTLENGTH-26FEB07,2026-03-02,90784.0,2
KXGOVTSHUTLENGTH-26FEB07,2026-03-03,102626.0,8
KXGOVTSHUTLENGTH-26FEB07,2026-03-04,123310.0,0
KXGOVTSHUTLENGTH-26FEB07,2026-03-05,90680.0,2
KXGOVTSHUTLENGTH-26FEB07,2026-03-06,161796.0,2
KXGOVTSHUTLENGTH-26FEB07,2026-03-07,91540.0,0
KXGOVTSHUTLENGTH-26FEB07,2026-03-08,75170.0,0
KXGOVTSHUTLENGTH-26FEB07,2026-03-09,89110.0,1
KXGOVTSHUTLENGTH-26FEB07,2026-03-10,110304.0,1
KXGOVTSHUTLENGTH-26FEB07,2026-03-11,144857.0,2
KXGOVTSHUTLENGTH-26FEB07,2026-03-12,175247.0,5
KXGOVTSHUTLENGTH-26FEB07,2026-03-13,131965.0,3
KXGOVTSHUTLENGTH-26FEB07,2026-03-14,133806.0,0
KXGOVTSHUTLENGTH-26FEB07,2026-03-15,59223.0,0
KXGOVTSHUTLENGTH-26FEB07,2026-03-16,76268.0,4
KXGOVTSHUTLENGTH-26FEB07,2026-03-17,99478.0,5
KXGOVTSHUTLENGTH-26FEB07,2026-03-18,176114.0,6
KXGOVTSHUTLENGTH-26FEB07,2026-03-19,132768.0,2
KXGOVTSHUTLENGTH-26FEB07,2026-03-20,288626.0,3
KXGOVTSHUTLENGTH-26FEB07,2026-03-21,257863.0,10
KXGOVTSHUTLENGTH-26FEB07,2026-03-22,159778.0,12
KXGOVTSHUTLENGTH-26FEB07,2026-03-23,289253.0,13
KXGOVTSHUTLENGTH-26FEB07,2026-03-24,425356.0,23
KXGOVTSHUTLENGTH-26FEB07,2026-03-25,534263.0,13
KXGOVTSHUTLENGTH-26FEB07,2026-03-26,264456.0,10
KXGOVTSHUTLENGTH-26FEB07,2026-03-27,862486.0,21
KXGOVTSHUTLENGTH-26FEB07,2026-03-28,1482541.0,10
KXGOVTSHUTLENGTH-26FEB07,2026-03-29,408931.0,8
KXGOVTSHUTLENGTH-26FEB07,2026-03-30,164451.0,7
KXGOVTSHUTLENGTH-26FEB07,2026-03-31,155137.0,5
KXGOVTSHUTLENGTH-26FEB07,2026-04-01,126186.0,5
KXGOVTSHUTLENGTH-26FEB07,2026-04-02,1632258.0,8
KXGOVTSHUTLENGTH-26FEB07,2026-04-03,1649870.0,2
KXGOVTSHUTLENGTH-26FEB07,2026-04-04,300112.0,0
KXGOVTSHUTLENGTH-26FEB07,2026-04-05,114915.0,2
KXGOVTSHUTLENGTH-26FEB07,2026-04-06,127624.0,3
KXGOVTSHUTLENGTH-26FEB07,2026-04-07,263119.0,2
KXGOVTSHUTLENGTH-26FEB07,2026-04-08,141672.0,2
KXGOVTSHUTLENGTH-26FEB07,2026-04-09,128300.0,0
KXGOVTSHUTLENGTH-26FEB07,2026-04-10,117700.46,0
KXGOVTSHUTLENGTH-26FEB07,2026-04-11,260384.13,0
KXGOVTSHUTLENGTH-26FEB07,2026-04-12,51604.76,0
KXGOVTSHUTLENGTH-26FEB07,2026-04-13,67494.84,2
KXGOVTSHUTLENGTH-26FEB07,2026-04-14,211201.97,1
KXGOVTSHUTLENGTH-26FEB07,2026-04-15,456771.76,0
KXGOVTSHUTLENGTH-26FEB07,2026-04-16,272067.47,2
KXGOVTSHUTLENGTH-26FEB07,2026-04-17,227233.82,1
KXGOVTSHUTLENGTH-26FEB07,2026-04-18,149416.58,0
KXGOVTSHUTLENGTH-26FEB07,2026-04-19,92762.22,1
KXGOVTSHUTLENGTH-26FEB07,2026-04-20,125774.73,0
KXGOVTSHUTLENGTH-26FEB07,2026-04-21,255488.62,1
KXGOVTSHUTLENGTH-26FEB07,2026-04-22,176214.84,1
KXGOVTSHUTLENGTH-26FEB07,2026-04-23,144328.69999999998,0
KXGOVTSHUTLENGTH-26FEB07,2026-04-24,281122.12,1
KXGOVTSHUTLENGTH-26FEB07,2026-04-25,122148.87,0
KXGOVTSHUTLENGTH-26FEB07,2026-04-26,132936.71,0
KXGOVTSHUTLENGTH-26FEB07,2026-04-27,78099.01000000001,0
KXGOVTSHUTLENGTH-26FEB07,2026-04-28,325510.37,1
KXGOVTSHUTLENGTH-26FEB07,2026-04-29,300453.36,0
KXGOVTSHUTLENGTH-26FEB07,2026-04-30,564971.39,11
KXGOVTSHUTLENGTH-26FEB07,2026-05-01,2427375.66,1
KXGOVTSHUTLENGTH-26FEB07,2026-05-02,457726.7,1
KXHORMUZ_COMBINED,2026-03-11,9605.0,11
KXHORMUZ_COMBINED,2026-03-12,46422.0,12
KXHORMUZ_COMBINED,2026-03-13,48720.0,12
KXHORMUZ_COMBINED,2026-03-14,50703.0,15
KXHORMUZ_COMBINED,2026-03-15,46996.0,11
KXHORMUZ_COMBINED,2026-03-16,64662.0,28
KXHORMUZ_COMBINED,2026-03-17,72949.0,13
KXHORMUZ_COMBINED,2026-03-18,45256.0,6
KXHORMUZ_COMBINED,2026-03-19,36215.0,9
KXHORMUZ_COMBINED,2026-03-20,30252.0,14
KXHORMUZ_COMBINED,2026-03-21,34634.0,8
KXHORMUZ_COMBINED,2026-03-22,35808.0,28
KXHORMUZ_COMBINED,2026-03-23,26915.0,7
KXHORMUZ_COMBINED,2026-03-24,62315.0,4
KXHORMUZ_COMBINED,2026-03-25,193332.0,5
KXHORMUZ_COMBINED,2026-03-26,46231.0,7
KXHORMUZ_COMBINED,2026-03-27,37728.0,3
KXHORMUZ_COMBINED,2026-03-28,16553.0,2
KXHORMUZ_COMBINED,2026-03-29,26626.0,1
KXHORMUZ_COMBINED,2026-03-30,25629.0,5
KXHORMUZ_COMBINED,2026-03-31,32004.0,23
KXHORMUZ_COMBINED,2026-04-01,76013.0,8
KXHORMUZ_COMBINED,2026-04-02,43608.0,9
KXHORMUZ_COMBINED,2026-04-03,17896.0,7
KXHORMUZ_COMBINED,2026-04-04,53801.0,8
KXHORMUZ_COMBINED,2026-04-05,16328.0,5
KXHORMUZ_COMBINED,2026-04-06,19627.0,9
KXHORMUZ_COMBINED,2026-04-07,44992.0,11
KXHORMUZ_COMBINED,2026-04-08,45291.0,34
